{"accuracy": [0.564273476600647, 0.6341880559921265, 0.6781196594238281, 0.6982905864715576, 0.7013674974441528, 0.7051281929016113, 0.7063248157501221, 0.70991450548172, 0.711965799331665, 0.7164102792739868], "loss": [0.6821766495704651, 0.6343492269515991, 0.6087857484817505, 0.5881484150886536, 0.5716446042060852, 0.557769238948822, 0.5454071164131165, 0.5338467955589294, 0.522689163684845, 0.5117889642715454], "val_accuracy": [0.6019300222396851, 0.6761158108711243, 0.7249698638916016, 0.7352231740951538, 0.7334137558937073, 0.735826313495636, 0.7364294528961182, 0.7388419508934021, 0.7412545084953308, 0.7448733448982239], "val_loss": [0.6417301297187805, 0.6084773540496826, 0.5803461670875549, 0.558619499206543, 0.5413269400596619, 0.5269972681999207, 0.5144168138504028, 0.5028743743896484, 0.49208277463912964, 0.4816516041755676]}