{"accuracy": [0.6198290586471558, 0.7350427508354187, 0.7827350497245789, 0.8203418850898743, 0.8449572920799255, 0.8422222137451172, 0.8632478713989258, 0.8690598011016846, 0.8788034319877625, 0.9114530086517334], "loss": [0.6561477184295654, 0.5245652794837952, 0.43332532048225403, 0.355718195438385, 0.292109876871109, 0.2879946529865265, 0.23409558832645416, 0.2174668163061142, 0.21069961786270142, 0.19653131067752838], "val_accuracy": [0.7297949194908142, 0.7913148403167725, 0.8262967467308044, 0.8582629561424255, 0.8534379005432129, 0.8823884129524231, 0.8667068481445312, 0.8703256845474243, 0.9022918939590454, 0.9041013121604919], "val_loss": [0.5564237236976624, 0.4480634033679962, 0.3741075098514557, 0.30635491013526917, 0.2927304208278656, 0.2261672019958496, 0.24906036257743835, 0.25545746088027954, 0.20074957609176636, 0.22061209380626678], "learning_rate": [0.0010000000474974513, 0.0010000000474974513, 0.0010000000474974513, 0.0010000000474974513, 0.0010000000474974513, 0.0010000000474974513, 0.0010000000474974513, 0.0010000000474974513, 0.0010000000474974513, 0.0010000000474974513]}