{"accuracy": [0.6735042929649353, 0.7429059743881226, 0.7897436022758484, 0.8162392973899841, 0.8394871950149536, 0.8582906126976013, 0.8733333349227905, 0.889059841632843, 0.8979487419128418, 0.9208546876907349, 0.9358974099159241, 0.944615364074707, 0.9538461565971375, 0.9523077011108398, 0.9617093801498413, 0.9606837630271912, 0.9678632616996765, 0.9752136468887329, 0.9800000190734863, 0.9873504042625427, 0.9935042858123779, 0.9950427412986755, 0.9965811967849731, 0.9976068139076233, 0.9981196522712708, 0.998803436756134, 0.998803436756134, 0.9991452693939209, 0.9991452693939209, 0.9993162155151367, 0.9994871616363525, 0.9994871616363525, 0.9994871616363525, 0.9994871616363525, 0.9994871616363525], "loss": [0.6095026135444641, 0.5255358815193176, 0.46320050954818726, 0.4146574139595032, 0.3647657632827759, 0.32304635643959045, 0.2873857021331787, 0.2515055537223816, 0.23244711756706238, 0.1924814134836197, 0.1590394526720047, 0.14146040380001068, 0.11752107739448547, 0.12352100014686584, 0.10011375695466995, 0.097934290766716, 0.08302193880081177, 0.06470663845539093, 0.05383049324154854, 0.03607098385691643, 0.02320413663983345, 0.019579755142331123, 0.01715855486690998, 0.015236509032547474, 0.013490509241819382, 0.012035466730594635, 0.010965418070554733, 0.009832537733018398, 0.009518539533019066, 0.00933838076889515, 0.009181990288197994, 0.009031413123011589, 0.008884438313543797, 0.008632391691207886, 0.008572557009756565], "val_accuracy": [0.7442702054977417, 0.7219541668891907, 0.764173686504364, 0.7810615301132202, 0.7732207775115967, 0.8075995445251465, 0.7846803665161133, 0.8160434365272522, 0.8540410399436951, 0.8703256845474243, 0.8673099875450134, 0.8703256845474243, 0.8612786531448364, 0.8980699777603149, 0.8642943501472473, 0.8884198069572449, 0.8769602179527283, 0.8721351027488708, 0.8570566773414612, 0.9101327061653137, 0.9107358455657959, 0.9119421243667603, 0.9131483435630798, 0.9155609011650085, 0.9149577617645264, 0.9155609011650085, 0.920386016368866, 0.9215922951698303, 0.9215922951698303, 0.9215922951698303, 0.9215922951698303, 0.920386016368866, 0.920386016368866, 0.9221954345703125, 0.9227985739707947], "val_loss": [0.5260595679283142, 0.5183136463165283, 0.4667118787765503, 0.4399973750114441, 0.4266034960746765, 0.3810749351978302, 0.4120682179927826, 0.3736114799976349, 0.3275207579135895, 0.31178978085517883, 0.30921828746795654, 0.300071656703949, 0.3425777852535248, 0.2563472390174866, 0.3645886778831482, 0.2986419200897217, 0.3329724073410034, 0.37919721007347107, 0.4543527662754059, 0.2574799954891205, 0.25476187467575073, 0.25674641132354736, 0.2604999840259552, 0.26208770275115967, 0.2628247141838074, 0.2632879316806793, 0.24597804248332977, 0.24439086019992828, 0.24470126628875732, 0.24513980746269226, 0.24564208090305328, 0.2462504357099533, 0.24666617810726166, 0.24555905163288116, 0.24480916559696198], "learning_rate": [0.0010000000474974513, 0.0010000000474974513, 0.0010000000474974513, 0.0010000000474974513, 0.0010000000474974513, 0.0010000000474974513, 0.0010000000474974513, 0.0010000000474974513, 0.0010000000474974513, 0.0010000000474974513, 0.0010000000474974513, 0.0010000000474974513, 0.0010000000474974513, 0.0010000000474974513, 0.0010000000474974513, 0.0010000000474974513, 0.0010000000474974513, 0.0010000000474974513, 0.0010000000474974513, 0.00010000000474974513, 0.00010000000474974513, 0.00010000000474974513, 0.00010000000474974513, 0.00010000000474974513, 0.00010000000474974513, 0.00010000000474974513, 1.0000000656873453e-05, 1.0000000656873453e-05, 1.0000000656873453e-05, 1.0000000656873453e-05, 1.0000000656873453e-05, 1.0000000656873453e-05, 1.0000000656873453e-05, 1.0000001111620804e-06, 1.0000001111620804e-06]}